,beverage_types,mean_2015,mean_2016,std_2015,std_2016,median_2015,median_2016,min_2015,min_2016,max_2015,max_2016,p_bootstrap,p_permutation,significant_change
1,Beer,2.1868235294117646,2.485760869565218,1.8389772123679977,1.6538415046212944,1.78,2.585,0.01,0.05,8.17,6.92,0.091,0.0943,no
2,Spirits,1.6127044025157231,1.8925,1.5116060222490126,1.4708423429457687,1.23,1.605,0.01,0.01,8.37,7.72,0.0803,0.0782,no
3,Wine,1.139559748427673,1.3429670329670331,1.5426404890218448,1.7129594238597676,0.25,0.31,0.01,0.01,7.09,6.9,0.1685,0.1697,no
4,Other alcoholic beverages,0.9064,0.2747540983606558,1.6046192915165487,0.45763379303171015,0.20500000000000002,0.09,0.01,0.01,8.76,2.61,0.9996,0.9995,drop
